<?xml version="1.0" encoding="UTF-8"?>
<beans  
    xmlns="http://www.springframework.org/schema/beans"  
    xmlns:xsi="http://www.w3.org/2001/XMLSchema-instance"  
    xmlns:tx="http://www.springframework.org/schema/tx"  
    xmlns:context="http://www.springframework.org/schema/context"    
    xmlns:mvc="http://www.springframework.org/schema/mvc"    
    xsi:schemaLocation="http://www.springframework.org/schema/beans   
    http://www.springframework.org/schema/beans/spring-beans-3.0.xsd   
    http://www.springframework.org/schema/tx   
    http://www.springframework.org/schema/tx/spring-tx-3.0.xsd  
    http://www.springframework.org/schema/context  
    http://www.springframework.org/schema/context/spring-context-3.0.xsd  
    http://www.springframework.org/schema/mvc  
    http://www.springframework.org/schema/mvc/spring-mvc-3.0.xsd">  
        <mvc:annotation-driven/>
        <mvc:default-servlet-handler/>
        <!-- springmvc配置 -->  
        <!-- 通过component-scan让spring扫描package下的所有类,让spring的注解生效-->  
        <context:component-scan base-package="com.ctbri.vSearch.controller"></context:component-scan>  
        <mvc:resources location="/css/" mapping="/css/**"/>
        <mvc:resources location="/js/" mapping="/js/**"/>
        <mvc:resources location="/img/" mapping="/img/**"/>
        <mvc:resources location="/font-awesome/" mapping="/font-awesome/**"/>
        <mvc:resources location="/data/" mapping="/data/**"/> 
        
        <!-- 配置springmvc的视图渲染器,让其前缀为:/ 后缀为: .jsp 将视图渲染到 /views/<method返回值>.jsp中 -->  
        <bean class="org.springframework.web.servlet.view.InternalResourceViewResolver">  
            <property name="prefix" value="/WEB-INF/views/"></property>  
            <property name="suffix" value=".jsp"></property>  
        </bean>
        
        <bean id="stringConverter" class="org.springframework.http.converter.StringHttpMessageConverter">
        <property name="supportedMediaTypes">
            <list>
                <value>text/plain;charset=UTF-8</value>
            </list>
        </property>
    </bean>
 
    <!-- 输出对象转JSON支持 -->
    <bean id="jsonConverter"
        class="org.springframework.http.converter.json.MappingJackson2HttpMessageConverter">
        <property name="supportedMediaTypes">
            <list>
                <value>text/plain;charset=UTF-8</value>
            </list>
        </property>
        </bean>
    <bean
        class="org.springframework.web.servlet.mvc.annotation.AnnotationMethodHandlerAdapter">
        <property name="messageConverters">
            <list>
                <ref bean="stringConverter"/>
                <ref bean="jsonConverter" />
            </list>
        </property>
    </bean>
        
    </beans>